[
    {
        "MainMenuID": "1",
        "Title": "प्रस्तावन",
        "Controller": "Home",
        "Method": "Index",
        "ParameterID": "1"
    },
    {
        "MainMenuID": "2",
        "Title": "कोळी जमातीचा उदय",
        "Controller": "Contain",
        "Method": "Details",
        "ParameterID": "2"
    },
    {
        "MainMenuID": "3",
        "Title": "महाराष्ट्रातील कोळी",
        "Controller": "Contain",
        "Method": "Details",
        "ParameterID": "3"
    },
    {
        "MainMenuID": "4",
        "Title": "घर आणि अंगण",
        "Controller": "Contain",
        "Method": "Details",
        "ParameterID": "4"
    },
    {
        "MainMenuID": "5",
        "Title": "जीवन शैली",
        "Controller": "Contain",
        "Method": "Details",
        "ParameterID": "5"
    },
    {
        "MainMenuID": "6",
        "Title": "गावाचे स्वरूप",
        "Controller": "Contain",
        "Method": "Details",
        "ParameterID": "6"
    },
    {
        "MainMenuID": "7",
        "Title": "पॉशका आनी राहणीमान",
        "Controller": "Contain",
        "Method": "Details",
        "ParameterID": "7"
    },
    {
        "MainMenuID": "8",
        "Title": "आहर",
        "Controller": "Contain",
        "Method": "Details",
        "ParameterID": "8"
    },
    {
        "MainMenuID": "9",
        "Title": "विवाह",
        "Controller": "Contain",
        "Method": "Details",
        "ParameterID": "9"
    },
    {
        "MainMenuID": "10",
        "Title": "धार्मिक विधी",
        "Controller": "Contain",
        "Method": "Details",
        "ParameterID": "10"
    },
    {
        "MainMenuID": "11",
        "Title": "सण",
        "Controller": "Contain",
        "Method": "Details",
        "ParameterID": "11"
    },
    {
        "MainMenuID": "12",
        "Title": "देवभोळा कोळी समाज",
        "Controller": "Contain",
        "Method": "Details",
        "ParameterID": "12"
    },
    {
        "MainMenuID": "13",
        "Title": "कोळीचे ग्रामदेवता",
        "Controller": "Contain",
        "Method": "Details",
        "ParameterID": "13"
    },
    {
        "MainMenuID": "14",
        "Title": "अनुचित रुडी",
        "Controller": "Contain",
        "Method": "Details",
        "ParameterID": "14"
    },
    {
        "MainMenuID": "15",
        "Title": "कोळीची मुंबई",
        "Controller": "Contain",
        "Method": "Details",
        "ParameterID": "15"
    },
    {
        "MainMenuID": "16",
        "Title": "अनुमान",
        "Controller": "Contain",
        "Method": "Details",
        "ParameterID": "16"
    },
    {
        "MainMenuID": "17",
        "Title": "लेखक",
        "Controller": "Contain",
        "Method": "Details",
        "ParameterID": "17"
    }
]